Start,End,Sequence,Length,Color
125[2],126[5],AAGCAACTCGTCAATATAGGG,21,#007200
79[5],72[25],CCCCGGTTGATAATTGATGTCAATAACACCACGGAATAGG,40,#7300de
88[36],87[36],ACAAAATAATATTTATCC,18,#888888
3[12],4[12],TAATATCTTGAGTAGCAG,18,#f7931e
43[2],56[5],AAGTACGGTGTCAGCCTCAGA,21,#b8056c
161[45],175[49],TTAGAACAATTCGGGAGCGCTTTGAGGGCGCTG,33,#888888
73[2],78[5],ATCTACAAAGGCTCATATGTA,21,#aaaa00
91[5],92[2],CGAGTAACATTCTCCGTGGGA,21,#f74308
104[58],103[57],CATCGAGAACAGCAAATCA,19,#7300de
2[33],16[16],AATTTCACCGGATTCAACAGTTTCAAATAGTA,32,#03b6a2
59[5],64[2],ACCCTGTAATGCCTGAGTAAT,21,#007200
112[32],111[32],GTATAAAGCCAATAGGGCTTAATT,24,#007200
150[39],162[31],GATTATACTTCTAGGGTTAGGCA,23,#888888
54[16],31[17],ATAATAAAGACTAATAGATATAAGTGGTAGGAAGA,35,#333333
102[57],105[46],GATATAGAAGGCTTATAATAGCAAAGCAAGTAATC,35,#57bb00
106[74],104[59],TGTTGAACGGGTATTAAACCAAGTACCGCACT,32,#7300de
4[32],2[12],GACCTTCATCAAGACAAGAAAATACCACATTCAAC,35,#f74308
105[47],107[55],GGCTGTCTTAGTCCTGCATGTTC,23,#b8056c
154[36],153[36],ATCATCATATCAGATGAT,18,#888888
91[18],64[20],GCTCAACATTATGGTGAATTATCACACCATTA,32,#888888
17[56],3[85],TAAAGTTTTCTGTAAACAAAGCTGCTCATTCAGTGAATAAGGCT,44,#7300de
8[32],10[5],ACAAAAACGGGTCTTTTTCATGAGGAAGCGAGGCATAGTAAG,42,#57bb00
129[9],116[25],CATTTCTCCGAACAGCGGCACAGTTAGCCCTGGGTGACCGTGTGATACTG,50,#1700de
113[2],130[5],AAACGACGGCCATGGTTGGTG,21,#aaaa00
36[36],33[36],AGATATAAGTATAGGTGTATCA,22,#f7931e
36[23],37[36],TAAGAGCGGGGTTTTGCTC,19,#007200
60[23],63[38],GGGTCATAGCCCCCTTATTTCATCAAACGTCACCA,35,#7300de
167[57],165[85],CGCTCATAATAAATTGAATGGCTATTAGTCTTTAATGCGCGAA,43,#03b6a2
171[16],176[19],CACTATTAGAGTGTAAAAAACGTGAAGGAAGGGAA,35,#7300de
46[32],36[24],CAGTGCCAGTAGGAACGTTCGGA,23,#f7931e
128[39],127[36],AAACAAACATCAATTAATTAC,21,#333333
8[54],10[48],CAGCGACACTACGAGAGGCTT,21,#7300de
82[36],97[22],GAGAATAACATAAAAATGGCAGCAAATATTCT,32,#888888
105[63],105[62],CATTCCAATATCAACAATAGATATCCTTAT,30,#007200
127[5],144[2],GCCTTGAATGCGTTGCGCTCA,21,#aaaa00
74[33],76[28],TATAAAGAATACCAAACCGA,20,#03b6a2
122[57],121[57],ATCGTCGCTAGACGCTGA,18,#57bb00
169[48],165[51],AATAACATCACTTGCTGGTAATGAGCCAGTTAAAAATACCGAAAAT,46,#cc0000
75[43],75[63],CTGGCATGATTAAGACTCCTT,21,#7300de
75[21],74[2],AATAACGAGAAACGCAAAGTCAGGTCATTGCCT,33,#f74308
165[38],161[44],GTGGCACAGACCGAACCACAGTGCCATATCTGTCT,35,#7300de
176[85],174[56],CTAAAGGGAGCCCCCGATTTAGAGCTTGACGTAGCGGCGCGTAC,44,#cc0000
15[5],24[2],AGTTTTGCCACAGTTCAGAAA,21,#03b6a2
52[36],78[30],TTTACCGTTTCATACAGCGCCAAAAGTTTAAATTG,35,#cc0000
75[64],77[78],ATTAGTAAGATCTTACCGAAGCCCT,25,#333333
3[42],17[55],ACCCAAAGGCTTGATTACCTTATGCGATCAACATTAACGATC,42,#f74308
13[5],32[5],ATAAAAACCATCAAAATACCCTGTTTTAATTC,32,#03b6a2
72[24],47[32],GAGAGGGTAGCCATCAATGATGGGGTCATTGTGTACTTTTAACGGGGT,48,#f74308
132[36],131[36],TACAAAATCGAATTATTC,18,#333333
12[78],11[105],AATGACAACGACAGCATCAAAAAAAACACCGTACAGCCTCGTTCC,45,#03b6a2
116[53],83[36],CCGGAATCATAATTACTAGGA,21,#f74308
70[39],74[34],TTCAACCGATTGTGAACAAAGTCAGACCACAAGTTTTGTCTGGCAACA,48,#aaaa00
83[5],116[2],GTAAACGTTATGCGCACGACT,21,#7300de
57[5],66[2],GCATAAAGCAAAAGGGTGAGA,21,#aaaa00
16[78],15[96],CGTTAGTAATTTTTTCACAAAAAAAACCGGTCGCTG,36,#1700de
95[2],100[5],AGGTCACGTTGGCACTCCAGC,21,#cc0000
139[2],152[5],ATTCCACACAACGCAACAGCT,21,#57bb00
74[61],73[53],AGAAAATACATACATAAAGGACAATCAATAGA,32,#aaaa00
166[69],169[78],CGACCAGATCGTCTGCCTTGCCTGAGTAGAAGAACTC,37,#aaaa00
1[70],17[105],CATTATATAATAAACTTTCCAGAAAAAAAAACACCGTACAGCCTCGTTCC,50,#aaaa00
119[2],119[20],CTTATGACAATGTCCCGCT,19,#7300de
165[52],169[47],ATTTAGGGACATTCTGGCATACCTAACAATATATTAGT,38,#007200
127[18],125[32],TGATGGCACGGGTGGAATTACCTTTTTTA,29,#888888
81[2],82[5],CAGGAAGATTGTATTTAAATT,21,#f74308
175[75],173[81],TAACCACCAGCTTAATGCGCCGCGGATTTTAGACA,35,#b8056c
15[30],14[5],GAGAATAGAAAGTTTAATTGTATCGGTTTATAGAGGCTTTTGCAAAAGA,49,#7300de
60[65],62[59],CCGAATCACCATCAAGTTTGC,21,#7300de
10[47],16[45],TGAGGATGCGGGAGATATATATTTCTTAGGAGCCGAACAACTTGC,45,#888888
74[93],74[62],GCATGAACACGAAAAAAAATGTTAGCAAACGT,32,#333333
120[24],121[35],ATATGCTGAAAACATAGCG,19,#f74308
123[5],124[2],ATGATACCGCCTGCCATCTGT,21,#aaaa00
166[88],166[70],GGCAGATTCACCAGTCACA,19,#aaaa00
13[35],8[33],GAGGTGATCGGTCGAATTGTGAAGCGCGAA,30,#03b6a2
100[36],99[36],ACCTCCCGAGTTTTGAAG,18,#03b6a2
23[9],19[27],ATTCATTGAATCCCCCTCCCGCCTGTGTTTCGT,33,#7300de
149[18],127[17],TATGGCCAACAATTCAGAGATTTTCGGC,28,#aaaa00
86[23],91[36],ATCAACATATACAGCAATCCTAATAGAGCATTACCAACGCTAACGAG,47,#03b6a2
31[18],29[22],CTTCTAAAAAGCATCCAGA,19,#333333
160[32],169[34],GTATTGGTTATCGCAAATTGCAATAC,26,#b8056c
96[22],91[17],ATGCTACTGAATTCGGAACCC,21,#b8056c
51[5],72[2],AAAAGGTGGTATTTTTGAGAG,21,#b8056c
76[44],79[44],TACAACAATGAGATAACGGG,20,#1700de
103[5],108[2],GCAAAGCGCGAAAGGGGGATG,21,#888888
172[81],177[85],GGAACGGTACGCCAGAATCCCGTAAAGCACTAAATCGGAACC,42,#7300de
6[39],12[5],GGACAGATGAACCCTGATACTGAGGCTTGCACTCGTTTACCAGACGACG,49,#888888
26[16],13[34],CAAAAAATAGCGCAGCTTGCTTTC,24,#aaaa00
11[32],9[42],AGGCCGCTTTCTAAAGAAAAATACG,25,#b8056c
155[5],156[2],GCAAGCGGTTTGCCCCAGCAG,21,#f7931e
164[112],164[70],AGCTGCGGCAGCTGAGTCCAAAAAAAACTGATAGCCCTAAAAC,43,#aaaa00
41[18],36[5],ATTGGAACTATTGATAAGTGAGAGTACCTTTAA,33,#cc0000
39[5],40[2],CTTAGAGCTATATAATGCTGT,21,#888888
5[12],6[12],ATACAGGCGAGACCATAA,18,#f74308
78[29],70[9],AGTTAAGGCAACACCCAGGGAGGGAAGGCGTTCTA,35,#007200
148[36],164[31],ACCTACCATTTTGCACAAGA,20,#f74308
168[78],167[88],AAACTATCGGAAATGGATTATTTACATT,28,#cc0000
35[5],26[17],ACAGGTCAGGATTAGCCCGGAAGATACCCTCCAC,34,#f7931e
50[36],53[24],GCTTTTGATGATACAGTCAAGCGCCAGTTAAAGC,34,#aaaa00
149[25],159[32],GGAGAATAGGCCGAACGTTATT,22,#cc0000
77[57],76[45],ATAGCTCAGATAGCCGAACAAAGT,24,#888888
11[56],9[85],CCTCAGCCGGCTACAAGGCACCAACCTAAAACGAAAGAGGCAAA,44,#f7931e
86[36],84[34],CAATCCAAATTTTTTGTTTAACGTCAA,27,#b8056c
130[36],129[39],ATTTCAATTAAGAAGATGATG,21,#f7931e
58[34],53[36],AGGAGGTCAGACGATTGGCCTTGATAAATAAATCCTAA,38,#f74308
108[53],105[38],GCCAGTAATAAGTAAACAAAACAAGAAAAATAACAAT,37,#333333
173[9],174[16],CCAACGTCAAAGGGTTCCTGTGCTCGAAAAA,31,#f7931e
41[2],58[5],AGCTCAACATGTAACATTATG,21,#f74308
134[36],109[53],ATTAGGCAGAGGCATTTTCGA,21,#aaaa00
10[78],13[66],GGAACGAGGGTAGCAAAGCGAAAAACCATCCGAT,34,#f7931e
63[63],61[78],TAATCAGTAGCGACAGAGGAACCAGA,26,#1700de
107[56],107[93],AGCTAATGCAGAACGCGCCAAAAAAAAAACAGCCTGCT,38,#cc0000
6[54],11[55],ACCAACCCGCGACCATAACCTCGTCAC,27,#cc0000
169[16],170[16],TTGGAACTTGTAAACCGAAGAGTC,24,#cc0000
24[32],15[29],TAGCAAGCAAATGCTTTAAAGAGGGGGTGCGGAGT,35,#007200
56[16],44[9],TAATGGAAGTATAACAGTTGAT,22,#888888
100[16],86[17],TCGTGACCCATTTGCTAGCCATCAAGCT,28,#333333
121[5],120[5],CTTCTAATCTATTTACAACCAAAATAACCCCG,32,#333333
97[2],98[5],GTAACCGTGCATGAGGGGACG,21,#aaaa00
19[16],0[19],TTAGAAGTGTAAACATTCCACACAGTTGAGA,31,#7300de
158[32],157[32],AATTTTAAAAGTTTATCATTTTGC,24,#f7931e
119[59],121[97],GAACGCGAGTCTGTCAATAGTGAATTTAAAAAAAAAAGACCAGTGAC,47,#cc0000
147[18],143[22],ATGAAGGGAACAGTCTTGCGTGT,23,#7300de
108[24],93[16],CAAAAGGTAGCCATTCGCTGGTGCCTTT,28,#1700de
93[17],88[17],TATCCAATTGACCAGCTTTAAT,22,#888888
137[17],132[17],CCTTACAGTGTTAAAGACAGCT,22,#aaaa00
14[54],8[55],TCCAAAAAACAGCTTGATACGCCCACGCTGCTCCTTGACCCC,42,#333333
162[56],167[56],CTCAATCAACGCTGAATCCAGACATTTTGA,30,#007200
175[16],177[36],CCGGAAAGCGAAAGGAGCGCGAGAAACCATCACCC,35,#888888
98[36],115[39],CCTTAAATCTTAGTATCATAT,21,#aaaa00
121[36],119[58],ATAGCTCCGGCTTATGCAAATCCAATCGCAAGACAAA,37,#aaaa00
19[28],21[32],CACCAGTACTGTACACCCA,19,#7300de
55[5],68[2],CAAAGAATTAAATCACCATCA,21,#03b6a2
99[5],112[2],ACGACAGTACACGACGTTGTA,21,#f7931e
167[16],165[37],AGTGTTGAGGAAAAACGCTCATGGAACAACAGATAC,36,#1700de
104[23],107[38],TTTGAGCATGTAGAAACTATCCCACCAGACGACGA,35,#1700de
115[9],81[21],TGGATGTTCTTCTGAATTCAATATTTCACAAATATAAGGGG,41,#1700de
61[5],60[5],AACGCAAGGATAAAGGGAGAAGCCTTTATTTC,32,#888888
2[55],14[55],TAAATTGTCAACGTTGGGATTTAAAGGAATTGCGAAAAAAGGC,43,#1700de
59[29],89[36],CACCCTCCAGTAGCCGTCACTCTTTCCTTGCCAGTT,36,#f74308
151[9],128[9],TTTTCTTTTCACAAGGTGCCCTGGCGTTTCACATAAAT,38,#57bb00
28[22],25[32],ACAGAGCATTTTCAGGGA,18,#f7931e
156[32],137[16],GGAACAAAGAAACCCTGGTCCACGACCCCTGAGTTA,36,#1700de
88[16],56[17],TCGAGAATTATTCATTAAATCTAAATCGGCAA,32,#b8056c
101[5],110[2],CAGCTTTCCAGTTGGGTAACG,21,#7300de
72[53],51[36],AAATTCATATGGTTTACCATG,21,#007200
58[57],61[46],CCAGAGCCGCCGCCAGGCCACCAGCCACCCTTGCC,35,#b8056c
152[36],151[39],GGCAATTCACCTGATTGTTTG,21,#1700de
105[5],104[5],TGGGAAGGGCGATCACCAGGCTGCGCAACTGT,32,#333333
81[22],86[24],AAGCGCATTAGACGGGAGAATTAAAAACGATAAG,34,#1700de
90[36],65[53],CGCGACTTGAGCCATTTGGGA,21,#1700de
174[55],176[43],TATGGTTTAAACAGGTGTTTTTATAATCAAGTTTTGCCGGC,41,#007200
157[2],152[17],GCGAAAATCCTGTTTAACATTGAGTGTCACCGCGAGA,37,#aaaa00
8[85],7[85],AGAATACACTAAAACACTCATCTATGTTACTTAGCCGGAACGAGGC,46,#007200
2[85],1[69],TGCCCTGACGAGAAACACCAGAAACTGGCT,30,#aaaa00
1[19],23[29],TTTAGGACTTTAATCAGATTCATGACAGCCACTACAACA,39,#f7931e
65[2],90[5],GTGTAGGTAAAGAAATGTGAG,21,#b8056c
109[2],134[5],TGCTGCAAGGCGGGGTACCGA,21,#888888
61[47],63[62],ATCTTTTCATAGCGTCCGATAGCAGCACCG,30,#b8056c
120[47],123[57],TAACCTTAGATTAATTAATTAACCTTGCTTCTGTAA,36,#f7931e
146[36],149[24],AAAACAGAAATAAAGAAAAATTAATCAATCTGAT,34,#cc0000
170[36],149[36],ACTAAAATAGTCAGTTGA,18,#b8056c
85[9],80[2],AAATTTTTGTTAACCAGAAAAGCCCCAAAAA,31,#888888
37[5],42[2],TTGCTCCTTAATATGCAACTA,21,#f7931e
84[33],122[30],AAATGACTTTACAAAAAAGCAATAAGGCCTTA,32,#cc0000
16[44],2[34],TAATTAGCGTATTACAGGTAGAAATTGTGAAGATGGTTT,39,#f7931e
63[2],63[20],TATATTTTAAATGCTAGCA,19,#57bb00
119[21],118[2],ATATGTAGTTTGAAATACCGCTGAATTGTCAAC,33,#888888
141[2],142[2],TAAAGTGTAAAGCTAATGAGTGAG,24,#1700de
160[55],162[57],CTTTACAGAGCACTAACAACTCAAACC,27,#aaaa00
67[2],88[5],AAGGCCGGAGACCGTCTGGCC,21,#cc0000
164[30],166[16],TAAGTAAGAAGATAGAACCCTTCTGATTG,29,#b8056c
87[5],96[2],AATAGGAACGATGGGCGCATC,21,#007200
132[16],84[9],ACGCAAACAGCGCTCGTTCGGCCTGTAGTTTCTGCCTGAAAATTCGCATT,50,#03b6a2
18[36],3[41],AACTCATAGACAACTTATTCATT,23,#7300de
142[22],155[36],TTCAATAATTCAATGTCTGATTATTCCTGGCAGAAGGAGCGGAATT,46,#03b6a2
162[30],168[16],AATAACACCGAGCCATTGCAACTTCCAGT,29,#1700de
33[5],52[5],GAGCTTCAATTGACCATTCGCAATAGTAGCAT,32,#1700de
110[32],100[17],GAGAATCGCCATATTTATAGGCACCGAAGA,30,#57bb00
79[45],77[56],TAATTGAGCGCTAATATCAGAGAAATAGCA,30,#cc0000
133[5],138[2],TTACCTCGATATCCGCTCACA,21,#888888
165[12],147[17],GATAGGGCCTGAAAGCAACAGAGGTGAGCCATTA,34,#7300de
9[43],6[40],TAATGCTTATACCTCGAAATTTTGAAAGA,29,#7300de
63[21],62[2],AGGCCGGGGCATTTTCAATTTTTAGAACCCTCA,33,#f7931e
71[9],56[25],GCTGATAAATTAATGCCACGCCAGAATTCAAACATT,36,#f7931e
143[2],148[5],CTAACTCACATTGCGCGGGGA,21,#007200
149[5],149[17],GAGGCGGTTAACAAAGGAATTGAAAAGTGCG,31,#333333
86[16],54[17],CATACTAAATATTGACGGATCAGCAAAATGTC,32,#aaaa00
53[5],54[5],TAACATCCACAGGCAAGG,18,#aaaa00
34[24],20[20],CGGACGTCGAGAGGCGGAATACTGACGTAACAC,33,#888888
11[5],30[5],AGCAACACTTTATAGTGCGGATTGATTAAGAG,32,#333333
132[24],135[36],CATAGGTTTGAATTGCAGGGAGAAACAATAACGG,34,#cc0000
0[62],2[56],AACGGAATTTAAGACGAGTAG,21,#f74308
75[2],75[20],GAGAGTCTGGAGCAAACAT,19,#f74308
126[36],141[22],ATTTAACAATTTCATTCGACAAAAGAAACATC,32,#888888
118[74],117[53],TTTCAAATATATTTTAGTTAATTTCATCTTCTGTAAGAATAAACA,45,#cc0000
63[39],58[35],ATGAAAATCACAGAGCCCATTGAC,24,#f7931e
160[103],161[85],GCGACCTCCGAAAAAAAATAATACATTTGAGGATTAGAGCCGTCAATAGA,50,#cc0000
174[33],171[36],TATAACCGTTAGACCACCGACTGTCCATC,29,#aaaa00
69[2],86[5],ATATGATATTCATTTTTAACC,21,#aaaa00
29[2],34[5],GCAAACAGAAGTCTTATCAGACGAGAATGACCCAAACTCCA,41,#cc0000
176[18],172[9],TCTATCATGGCCCACTAGAACGTGGACT,28,#7300de
38[36],39[36],AAGGATTAGGATTAGGTGAGACTCCTCAAGAG,32,#f74308
22[29],45[39],ATAGGGTTGTACCAGGGAGTAACAGTGC,28,#7300de
30[36],34[25],CCTCAGAACCGCCACCCATTTAGGGAGGAACAGAATAGCC,40,#cc0000
101[25],104[24],GCGACGCGTCCAAGGAAATCG,21,#7300de
162[69],175[74],CAAATATAATAGATTTAGAAGATTAAAGTACAGGGTCACGCTGCGCG,47,#f7931e
6[85],6[55],GCAGACGGTCAATCATAAGGGAACCGAACTG,31,#b8056c
60[97],60[66],GTCCGTGTCACAAAAAAAAGCCACCACCGGAA,32,#007200
153[5],158[2],GATTGCCCTATGGTGGTTCCG,21,#cc0000
40[23],22[9],AAGAGGCTGATAATTGCTCATTTTGCGTCCAATCGTCATAAAT,43,#f74308
32[36],31[36],CCGTACTCATACCGCCAC,18,#b8056c
14[78],13[96],GTTGAAAATTGCGCCGACAAAAAAAACCGGTCGCTG,36,#aaaa00
117[2],122[5],TAAGTGTCCTTAAGTGACTCT,21,#aaaa00
103[32],133[36],TACAAAGTACTGTAATTTCGCCTGATACCAAGT,33,#888888
162[103],162[70], GCGACCTCCGAAAAAAAATCACCTTGCTGAACCT,34,#b8056c
140[22],108[25],AGAGTATTACATTCATGCGTAACGGATCCCCATACAACGCCAACACGA,48,#7300de
161[25],160[12],GAAAAATCCTTTTATAAAT,19,#f7931e
53[25],40[24],GCATTTCCATTTCATAACTATTTCATTCTGATATT,35,#7300de
31[5],50[5],GAAGCCCGATCAATAATATATTTCGCGAGCTG,32,#1700de
64[19],41[17],CCATAATACTTTTTACCAAATTCT,24,#cc0000
7[12],5[32],CGCCTTTGTATCATCGGGTGTACCATAGGCTGGCT,35,#57bb00
152[16],113[32],CGGATTATACATGAAACAACAGGGGACCTCCGTGCCAAGCTTTCTTACCA,50,#aaaa00
121[58],120[48],GAAGAGAGAGACTACCTTTT,20,#aaaa00
105[39],103[31],CAACCGTTTTTATTTTCTCAT,21,#f74308
102[37],101[36],TATTCTAAGATTTTAGCGA,19,#888888
177[37],160[33],AAATCAGTGAGGATCAGAGCGACAACTC,28,#7300de
93[2],102[5],ACAAACGGCGGAGGAAACCAG,21,#f7931e
40[32],43[32],GAAAGAACATCCTGCTGCCC,20,#aaaa00
32[16],11[31],GCGACCCCTCCGCCATAATCATAACCGGGAGTTAA,35,#57bb00
89[5],94[2],TTCCTGTAGCCGTAATGGGAT,21,#007200
176[42],174[34],GAACGTGGGGCGCTACGAGCACG,23,#7300de
44[39],71[39],CCGTATAAACAGGTCTCTGCATTAAAAAAAGGGCGACA,38,#b8056c
56[24],59[28],CAAAGTCAGGTTGAGGTGGCAGCCAC,26,#03b6a2
107[2],107[20],TATTACGCCAGCTGAAGTA,19,#03b6a2
114[39],117[37],GCGTTATACAAAATATGTGAGTGAATAATTTTCCGT,36,#f7931e
169[35],147[36],TTCTTTGTACCGCCCCTGCAACCAGCAGGT,30,#1700de
76[78],75[74],TTTTAAGAAAACGCAGTA,18,#7300de
111[2],132[5],CCAGGGTTTTCCTGGTGCTTG,21,#f7931e
62[58],59[57],CTTTAATCAACCTCCCTCAGAGCCGAACCACCA,33,#57bb00
124[32],132[25],ATGGAAACAGTACTAGCAAACCTGCTCTGAGGCGCG,36,#1700de
13[67],0[63],AGTCTCCAAAATAATAAATGAATTTTGTCGTACGAACT,38,#7300de
62[41],60[24],AGCGCGTTTAGCGTTCAGAACCGCCACCCTCA,32,#333333
159[2],150[9],AAATCGGCAAAATCCCTGCCGCCAGGGTGGT,31,#888888
164[69],163[85],ATCGCCACAGCAAATGAAAAATCTAAAGCA,30,#007200
76[27],75[42],GGAAACGTACCCAATAATAAGAGCAAGACAGAAGGCAAAAGAA,43,#7300de
107[21],106[2],ATTCTGTTCCTAATTTGGTGCGGGCCTCTTCGC,33,#aaaa00
122[29],114[9],GAATCCTTCAATCAATTTCTCAGGAGAAGCCAGGG,35,#333333
9[12],8[12],GGAATTATTTCCATTAGTACAACGGAGAAAAA,32,#aaaa00
77[5],76[5],ACGGTAATCGTAAAACCAAAGAGAATCGATGA,32,#57bb00
117[38],120[25],TAAAACCTAAATTTAATGAATGCTGAGGTTGGGTT,35,#cc0000
116[24],101[24],GTTGTAAGTGTAAGATTACAGGGAGCTTGCGGCTAG,36,#03b6a2
145[2],146[5],CTGCCCGCTTTCACCTGTCGT,21,#b8056c
131[5],140[2],TAATGAGTAGAGCCGGAAGCA,21,#57bb00
135[5],136[2],GCTCGAATTGTCATAGCTGTT,21,#cc0000
174[115],175[88],AGCTGCGGCAGCTGAGTCCAAAAAAAAGCCGCCACCC,37,#f74308
0[92],1[92],GAAGAAAAATCTACGTCCAGTCAGGACGTTGG,32,#1700de
64[53],62[42],ATTAGAGCCAGCAAACCATAGACTGT,26,#f7931e
120[78],119[74],TCAAAATCATAGGAAAACTT,20,#7300de
20[19],38[5],TGACTGGATATGCGGATGG,19,#03b6a2
147[5],161[24],GCCAGCTGCGATAGCGCGGTCAGTATTCAACAGTTGAG,38,#03b6a2
49[2],46[2],TTAGCCCTGTTACATTTAGA,20,#1700de
175[50],160[56],GCAAGTGGGGAAATTGGGGTCGAGGTGCTGAGAAGAGGCCGTATTAGA,48,#cc0000
137[2],154[5],TCCTGTGTGAAAAGAGTTGCA,21,#1700de
45[9],32[17],TCCCAATTCTGCATTTAGTAGCGAACTATC,30,#888888
107[39],102[38],CAAAGAATATCGCGCCCCCGG,21,#888888
